,BMU,Udist,Ret_x,Ret_y,Cub_x,Cub_y,Cub_z,B_Small,B_Medium,B_Big,B_2 legs,B_4 legs,B_Hair,B_Hooves,B_Mane,B_Feather,B_Hunt,B_Run,B_Fly,B_Swin
Baboon,36,0.0052271495,11,1,11,-12,1,0.999653,7e-06,0.000339,0.999992,8e-06,0.999996,0.0,4e-06,4e-06,0.999996,0.999996,4e-06,0.0
Hummingbird,336,0.0,23,13,17,-30,13,0.940195,-0.003312,0.041076,0.999994,6e-06,6e-06,6e-06,0.0,0.999994,1.2e-05,0.0,0.999441,0.000553
Panther,249,0.0051236292,8,10,3,-13,10,0.0,4e-06,0.999996,0.000336,0.999664,1.0,7e-06,1.5e-05,0.0,0.999992,1.0,0.0,0.0
