,BMU,Udist,Ret_x,Ret_y,Cub_x,Cub_y,Cub_z,B_Small,B_Medium,B_Big,B_2 legs,B_4 legs,B_Hair,B_Hooves,B_Mane,B_Feather,B_Hunt,B_Run,B_Fly,B_Swin
Baboon,93,0.0047789793,20,3,19,-22,3,0.999989,7e-06,4e-06,0.999657,0.000343,0.999993,0.0,0.0,7e-06,0.999996,0.999654,7e-06,0.0
Hummingbird,29,0.027645031,4,1,4,-5,1,0.965796,-0.007907,0.016894,1.0,0.0,0.0,0.0,0.0,1.0,0.001104,0.0,0.999448,0.000552
Panther,110,0.005778419,13,4,11,-15,4,4e-06,0.0,0.999996,0.000339,0.999661,0.999996,7e-06,0.000343,4e-06,0.999989,0.999996,0.0,4e-06
